Код,Перечень исследований,Розница,Партнерская,Цена для клиентов на сайте checkdoc,Тип контейнера,Срок готовности
,ГЕМАТОЛОГИЧЕСКИЕ ИССЛЕДОВАНИЯ,,,,,
11-001,ОАК,1150,800,1120,EDTA W/B,1-2
11-005,СОЭ (скорость оседания эритроцитов),900,700,980,EDTA W/B,1-2
11-006,ОАК+СОЭ,1900,1400,1960,EDTA W/B,1-2
11-002,Лейкоформула,900,630,882,EDTA W/B,1-2
11-003,Тромбоциты (микроскопия),900,630,882,EDTA W/B,1-2
12-001,Анализ на Группу Крови + Резус Фактор,1700,1190,1666,EDTA W/B,1-2
11-007,Гемоглобин,900,660,924,EDTA W/B,1-2
12-002,Анализ на резус фактор,1530,1070,1498,EDTA W/B,1-2
12-003,Анализ на группу крови,1300,910,1274,EDTA W/B,1-2
19-015,Подсчет ретикулоцитов,940,660,924,EDTA W/B,1-2
12-004,Гликозилированный гемоглобин,3000,2250,3150,EDTA W/B,1-2
49-050,Определение титра антиэритроцитарных антител в непрямом тесте Кумбса,11500,9600,13440,EDTA W/B,2-3
19-016,Определение антиэритроцитарных антител в непрямом тесте Кумбса,6900,4900,6860,EDTA W/B,2-3
19-017,Толстая капля на Малярию,2500,1900,2660,EDTA W/B,3-4
,ГЕМОСТАЗИОЛОГИЧЕСКИЕ ИССЛЕДОВАНИЯ,,,0,,
14-009,Антитромбин III,3000,2400,3360,Sod.citrate,1-2
14-006,АПТВ (активированное парциальное тромбопластинновое время),1300,910,1274,Sod.citrate,1-2
19-009,Волчаночный антикоагулянт (ВА),4500,4050,5670,Sod.citrate,2-4
29-009,РФМК,1420,1200,1680,Sod.citrate,2-3
14-013,Д-димер (количественный),6000,4500,6300,Sod.citrate,1-2
14-004,Международное Нормализованное Отношение (МНО),2000,1400,1960,Sod.citrate,1-2
14-014,"Протромбиновое время (ПТВ, ПТИ, МНО)",1200,840,1176,Sod.citrate,1-2
14-008,Тромбиновое время,1200,840,1176,Sod.citrate,1-2
19-010,Фактор свертывания крови - IX,7100,5700,7980,Sod.citrate,7-8
19-011,Фактор свертывания крови - VIII,7100,5700,7980,Sod.citrate,11-12
19-012,Фактор свертывания крови - XI,7100,5700,7980,Sod.citrate,7-8
19-014,Протеин S,25800,22000,30800,Sod.citrate,7-8
19-006,Протеин С,12000,10000,14000,Sod.citrate,7-8
14-007,Фибриноген,1200,840,1176,Sod.citrate,1-2
14-002,"Коагулограмма стандартная (АПТВ, протромбиновое время, протромбиновый индекс, тромбиновое время, МНО, фибриноген)",4500,3150,4410,Sod.citrate,1-2
14-001,"Коагулограмма расширенная(АПТВ, протромбиновое время, протромбиновый индекс, тромбиновое время, МНО, фибриноген, антитромбин III, Д-Димер)",9500,6650,9310,Sod.citrate,1-2
14-010,Д-димер (коагулограмма),6200,4650,6510,Sod.citrate,1-2
,ОБЩЕКЛИНИЧЕCКИЕ ИCCЛЕДОВАНИЯ,,,0,,
61-005,Анализ кала на скрытую кровь,2600,1820,2548,Stool,1-2
61-002,Кал на яйца глист,1600,1120,1568,Stool,1-2
39-018,Кальпротектин (количественное определение),12500,8750,12250,Stool,7-8
29-023,"Кал на эластазу панкреатическую, E1",11250,9800,13720,Stool,5-6
61-003,Кал на лямблии,1700,1190,1666,Stool,1-2
61-001,Кал. Копрограмма,1500,1050,1470,Stool,1-2
51-003,Моча. Анализ мочи по Нечипоренко,1200,840,1176,Urine,1-2
51-016,Моча. Анализ мочи по Зимницкому,1400,1250,1750,Urine,1-2
39-066,Порфирины (7 Показателей) В Моче,15600,13200,18480,Urine,11-12
29-022,Моча. Желчные пигменты в моче,1070,960,1344,Urine,2-3
51-005,ОАМ + Моча По Нечипоренко,1700,1190,1666,Urine,1-2
51-004,Моча. Общий анализ мочи с микроскопией (ОАМ),1300,910,1274,Urine,1-2
51-010,"Мазок на степень чистоты (уретра, цервикальный канал, влагалище) ",1900,1330,1862,Cervical swab,1-2
51-009,Мазок на степень чистоты (влагалище) ,1200,840,1176,Cervical swab,1-2
51-008,Мазок на Степень Чистоты (Цервикальный Канал),1200,840,1176,Cervical swab,1-2
51-007,Мазок на Степень Чистоты (Уретра),1200,840,1176,Cervical swab,1-2
51-012,Микроскопия секрета предстательной железы (простаты),1500,1050,1470,Prostatic fluid,1-2
61-004,Исследование Перианального Соскоба,1200,840,1176,Stool,1-2
51-011,Жидкостная микроскопия (кристалл),1200,840,1176,Fluid,2-3
51-014,Риноцитограмма,1800,1260,1764,Nasal swab,1-2
51-006,Исследование Морфологии Эритроцитов В Моче,3200,2240,3136,Urine,1-2
51-013,Спермограмма с описанием морфологии,8000,5600,7840,Semen,1-2
71-002,Жидкостная онкоцитология с окрашиванием (PAP),7000,4900,6860,Special tube for PAP test,2-4
71-003,Цитологическое Исследование Шейки Матки c окраской по Папаниколау,3500,2450,3430,Special tube for PAP test,2-4
71-001,Цитологическое исследование шейки матки (PAP-тест),4000,4000,5600,Special tube for PAP test,2-4
,БИОХИМИЧЕСКИЕ ИССЛЕДОВАНИЯ МОЧИ,,,0,,
29-030,Определение белка в разовой порции мочи,1500,1450,2030,Urine,1-2
22-032,Определение белка в моче (суточная моча),1500,1450,2030,24hr Urine,1-2
29-029,Определение микроальбуминурии ,3500,2800,3920,24hr Urine,1-2
39-090,Определение белка Бенс-Джонса (с помощью иммунофиксации в моче),27000,22950,32130,Urine,8-10
39-013,Определение кортизола в моче (24 часа),2990,2990,4186,24hr Urine,2-4
39-082,Йод В Моче   ,9000,6300,8820,Urine,10-12
35-001,С-пептид(24ч),3900,2730,3822,24hr Urine,4-6
22-007,Кальций (суточная Моча),1400,1350,1890,24hr Urine,4-6
29-008,Креатинин (суточная моча),1400,1300,1820,24hr Urine,4-6
22-008,Фосфор (суточная моча),1300,1100,1540,24hr Urine,4-6
22-009,Натрий(24ч),4000,2800,3920,24hr Urine,4-6
22-005,Мочевая Кислота  (24ч.),1300,910,1274,24hr Urine,4-6
22-006,Амилаза(24ч),1200,1100,1540,24hr Urine,4-6
22-003,Мочевина (24ч),1200,840,1176,24hr Urine,4-6
22-004,Глюкоза (24ч),1200,840,1176,24hr Urine,4-6
22-002,Магний(24ч),4050,2840,3976,24hr Urine,4-6
22-012,Глюкоза (RU),1300,910,1274,Urine,4-6
22-016,Амилаза(RU),1300,910,1274,Urine,2-4
22-019,Натрий (RU),5000,4600,6440,Urine,10
29-007,Креатинин (RU),1800,1260,1764,Urine,1-2
39-043,17-кетостероиды (17-КС) в моче (24 часа),11000,9900,13860,24hr Urine,6-8
,БИОХИМИЧЕСКИЕ ИССЛЕДОВАНИЯ КРОВИ,,,0,,
21-054,"Биохимия базовая (общий белок, креатинин, мочевина, общий ХС, общий билирубин, глюкоза, АЛТ, АСТ)",10000,7000,9800,"Serum, NAF Plasma (желтая+серая)",1-2
21-055,"Биохимия развернутая (общий белок, альбумин, креатинин, мочевина, мочевая кислота, общий ХС, ЛПНП, ЛПВП, ТГ, глюкоза, общий билирубин, прямой билирубин, АЛТ, АСТ, Альфа-Амилаза, ЩФ, ГГТП, ЛДГ, сывороточное железо)",23000,16100,22540,"Serum, NAF Plasma (желтая+серая)",1-2
21-059,"Липидограмма: ХС, ЛПНП, ЛПВП, ТГ, коэфф.атерогенности",5000,3500,4900,Serum,1-2
21-060,"Липидограмма (расширенная): ХС, ТГ, ЛПНП, ЛПВП, ApoA1, ApoB, коэфф.атерогенности",12500,9800,13720,Serum,1-2
21-002,Альбумин ,1300,910,1274,Serum,1-2
21-020,АЛТ (аланинаминотрансфераза),1300,910,1274,Serum,1-2
21-019,АСТ (аспартатаминотрансфераза),1300,910,1274,Serum,1-2
21-032,Аполипопротеин A1,3000,2100,2940,Serum,1-2
21-033,Аполипопротеин B,3400,2380,3332,Serum,1-2
39-148,Ингибин В,14500,11500,16100,Serum,8-10
39-116,Альфа-1-антитрипсин,7000,4900,6860,Serum,1-2
29-013,Белковые Фракции,5200,3640,5096,Serum,8-10
39-122,Витамин К (филлохинон),14000,9800,13720,Serum,10-12
31-027,Фолиевая Кислота (Витамин В9),3500,2450,3430,Serum,1-2
39-063,Витамин В6 (пиридоксин),14000,9800,13720,EDTA,10-12
39-037,Витамин B1 (тиамин),14000,9800,13720,EDTA,10-12
31-026,Витамин В12,3500,2450,3430,Serum,1-2
39-151,Витамин С (аскорбиновая кислота),13200,10980,15372,EDTA,10-12
31-025,Общий витамин Д,7600,5320,7448,Serum,1-2
21-010,Глюкоза (венозная),1400,980,1372,NAF Plasma,1-2
21-013,"Глюкозотолерантный тест, ГГТ (натощак, через 1 час)",2400,1680,2352,NAF Plasma,1-2
21-015,"Глюкозотолерантный тест, ГГТ (натощак, через 2 часа)",2400,1680,2352,NAF Plasma,1-2
21-014,"Глюкозотолерантный тест (натощак, ч/з 1 час, ч/з 2 часа)",3000,2100,2940,NAF Plasma,1-2
12-004,Гликозилированный гемоглобин ,3000,2100,2940,EDTA,"Пн,Ср,Пт"
29-015,Гомоцистеин,6500,4550,6370,Serum,3-4
21-040,Железо,1400,980,1372,Serum,1-2
29-014,Йод в крови,5300,3710,5194,Serum,10-12
21-007,Креатинин,1400,980,1372,Serum,1-2
29-019,Лактат (Молочная кислота),2100,2000,2800,NAF Plasma,1-2
21-030,ЛПВП (липопротеины высокой плотности),1400,980,1372,Serum,1-2
21-031,ЛПНП (липопротеины низкой плотности),1400,980,1372,Serum,1-2
21-005,Мочевина,1400,980,1372,Serum,1-2
21-009,Мочевая кислота,1400,980,1372,Serum,1-2
21-018,Непрямой билирубин,1300,910,1274,Serum,1-2
21-001,Общий белок ,1300,910,1274,Serum,1-2
21-028,Общий холестерин,1300,910,1274,Serum,1-2
21-016,Общий билирубин,1300,910,1274,Serum,1-2
21-050,Остаточный азот,900,630,882,Serum,1-2
39-091,Определение М- градиента (качественно),30000,27000,37800,Serum,8-10
21-017,Прямой билирубин,1300,910,1274,Serum,1-2
21-049,Преальбумин,4200,2940,4116,Serum,1-2
29-010,Ртуть,5000,3500,4900,Serum,9-11
29-038,Свинец,5000,3500,4900,EDTA,10-12
21-008,Соотношение азота мочевины к креатинину,2600,1820,2548,Serum,1-2
21-029,Триглицериды,1300,910,1274,Serum,1-2
21-004,АГК (альбумин-глобулинового коэффициента крови),2500,1750,2450,Serum,1-2
21-053,Скорость Клубочковой Фильтрации (СКФ),1600,1120,1568,Serum,1-2
29-040,Фруктозамин     ,5500,3850,5390,Serum,10-12
,Cпецифические белки (Specific proteins),,,0,,
21-044,АСЛ-О (Антистрептолизин О),2400,1680,2352,Serum,1-2
21-045,АСЛ-О (качественно),2020,1410,1974,Serum,1-2
29-005,"Латентная (ненасыщенная) железосвязывающая способность сыворотки крови (ЛЖСС, НЖСС)",1600,1120,1568,Serum,1-2
29-003,Миоглобин ,6500,5500,7700,Serum,1-2
29-004,Мозговой натрийуретический пропептид (NT-pro-BNP),14000,12500,17500,Serum,1-2
29-006,Общая железосвязывающая способность сыворотки крови (ОЖСС),4000,2800,3920,Serum,1-2
39-014,Прокальцитонин,9000,7500,10500,Serum,1-2
31-065,"Ревмопробы, расширенный профиль (РФ, СРБ, АСЛ-О, Анти-ЦЦП)",15000,12500,17500,Serum,1-2
21-046,РФ (ревматоидный фактор) количественный,2700,1890,2646,Serum,1-2
21-043,СРБ (C-реактивный белок),2100,1470,2058,Serum,1-2
21-048,Трансферрин ,2500,1750,2450,Serum,1-2
29-002,Тропонин I (количественный),10000,7000,9800,Serum,1-2
31-067,Тропонин Т (количественный),10000,7000,9800,Serum,1-2
31-024,Ферритин,2700,2500,3500,Serum,1-2
39-019,Церулоплазмин,3300,2310,3234,Serum,2-3
29-035,Эритропоэтин,13000,11500,16100,Serum,4-6
,Ферменты (Enzymes),,,0,,
21-026,Амилаза панкреатическая,1500,1050,1470,Serum,1-2
21-025,Амилаза общая (Альфа-амилаза),1500,1050,1470,Serum,1-2
21-021,ГГТП (гамма-глютамилтранспептидаза) γ-ГГТ ,1500,1050,1470,Serum,1-2
29-001,"Креатинфосфокиназа, креатинкиназа (СК-МВ)",4000,2800,3920,Serum,4-6
21-024,"Креатинфосфокиназа, креатинкиназа (КФК)",1500,1050,1470,Serum,1-2
21-023,ЛДГ (лактатдегидрогеназа),1500,1050,1470,Serum,1-2
39-040,Ренин,9000,8000,11200,EDTA,4-6
21-027,Липаза,2500,1750,2450,Serum,1-2
,Метаболизм коCтной ткани ,,,0,,
31-055,Остеокальцин,6000,5000,7000,Serum,1-2
31-056,С-концевые телопептиды,6300,5500,7700,Serum,1-2
21-022,Щелочная фосфатаза (ЩФ),1300,910,1274,Serum,1-2
,Неорганические вещества/Электролиты ,,,0,,
21-038,Калий (K+),1500,1050,1470,Serum,1-2
21-035,Кальций общий (Са),1500,1050,1470,Serum,1-2
21-034,Кальций ионизированный  (Са++),2400,1680,2352,Serum,1-2
21-039,Магний ,1400,980,1372,Serum,1-2
29-018,Марганец,4800,3360,4704,Serum,10-12
29-016,Медь,4000,2800,3920,EDTA,10-12
21-037,Натрий ,1500,1050,1470,Serum,1-2
21-036,Фосфор ,1500,1050,1470,Serum,1-2
21-056,"Электролиты крови (NA,К, CA++)",4700,3290,4606,Serum,1-2
29-012,Цинк в крови,6200,4340,6076,Serum,8-10
29-017,Селен ,6000,4200,5880,Serum,10-12
39-123,Свинец в волосах,5000,3500,4900,hair,10-12
39-124,Медь в волосах,5000,3500,4900,hair,10-12
39-125,Цинк в волосах,7500,5250,7350,hair,6-8
39-126,Никель в волосах,5000,3500,4900,hair,10-12
39-128,Кобальт в волосах,5000,3500,4900,hair,10-12
39-127,Кадмий в волосах,5000,3500,4900,hair,10-12
29-025,Хлор в сыворотке,1600,1400,1960,Serum,2-4
,Гормональные иccледования (Hormones),,,0,,
39-015,"Биохимический скрининг на Синдром Дауна, Спинномозговую Грыжу и Анэнцефалию - I Триместр",13000,9100,12740,Other,9-11
39-005,17-ОН прогестерон,4000,2800,3920,Serum,4-6
31-041,АКТГ (адренокортикотропный гормон),6000,4900,6860,EDTA,2-3
39-044,Лептин,7500,6000,8400,Serum,6-8
39-135,Альдостерон-рениновое Соотношение,22000,15400,21560,"Serum,EDTA (желтая+сиреневая)",4-6
39-073,Альдостерон,6000,4200,5880,Serum,2-4
39-071,Антимюллеровый гормон (АМГ),9800,7100,9940,Serum,2-3
31-036,Антитела к тиреоглобулину (анти-ТГ),3100,2170,3038,Serum,1-2
31-037,АнтиТПО (антитела к тиреоидной пероксидазе),3100,2170,3038,Serum,1-2
31-038,Анти-pTTГ (аутоантитела к рецепторам ТТГ),11200,7840,10976,Serum,1-2
39-008,Антитела к ХГЧ,5000,4500,6300,Serum,3
31-046,бета-ХГЧ (хорионический гонадотропин человека),2900,2030,2842,Serum,1-2
39-006,"ГСПГ (Глобулин, связывающий половые гормоны)",6000,4600,6440,Serum,1-2
39-070,ДГЭА- SO4 сульфат,3200,2240,3136,Serum,1-2
31-052,Инсулин,4000,2800,3920,Serum,1-2
39-011,Инсулиноподобный Фактор Роста 1 (IGF-1),7000,6000,8400,Serum,2-4
31-039,Кальцитонин,8200,6900,9660,Serum,2-4
39-077,Кортизол ( слюна),8000,5600,7840,мокрота \sputum,2-4
31-053,Кортизол ,2600,1820,2548,Serum,1-2
31-043,ЛГ (лютеинизирующий гормон),2900,2030,2842,Serum,1-2
39-017,Макропролактин ,4000,3900,5460,Serum,2-4
31-042,Пролактин,3000,2100,2940,Serum,1-2
21-051,Оценка инсулинорезистентности (индекс HOMA-IR),5500,3850,5390,"Serum, NAF Plasma (желтая+серая)",1-2
31-040,ПТГ (паратиреоидный гормон),5500,3850,5390,Serum,1-2
31-049,Прогестерон,3000,2100,2940,Serum,1-2
39-072,СТГ (Соматотропный гормон),8000,5600,7840,Serum,1-2
31-050,С-пептид,4500,3800,5320,Serum,1-2
31-051,С-пептид после приема пищи,4500,3800,5320,Serum,1-2
31-048,Тестостерон,3000,2100,2940,Serum,1-2
31-036,Дигидротестостерон,9800,6300,8820,Serum,5-7
31-029,Тиреоглобулин ,4000,2800,3920,Serum,1-2
39-032,Тестостерон свободный  ,5500,3850,5390,Serum,1-2
31-033,Тироксин общий (Т4),2600,1820,2548,Serum,1-2
31-034,Т4 свободный (тироксин свободный),2700,1890,2646,Serum,1-2
31-031,Т3 (Трийодтиронин общий),2500,1750,2450,Serum,1-2
31-032,Трийодтиронин свободный (Т3),2900,2030,2842,Serum,1-2
31-035,ТТГ (тиреотропный гормон),2600,1820,2548,Serum,1-2
31-044,ФСГ (фолликулостимулирующий гормон),3000,2100,2940,Serum,1-2
39-084,E3 (эстриол),3000,2100,2940,Serum,1-2
31-045,Е2 (эстрадиол),3000,2100,2940,Serum,1-2
39-039,"Катехоламины (адреналин, норадреналин, дофамин) и серотонин в крови",15000,10500,14700,"Serum, Heparin (желтая+зеленая с гепарином)",10-12
39-117,Гистамин В Крови,18500,12950,18130,EDTA,10-12
39-137,Гормон Прегненолон,11000,7700,10780,Serum,23-25
39-049,Андростендион,11000,7700,10780,Serum,8-10
,ИММУНОЛОГИЧЕCКИЕ ИCCЛЕДОВАНИЯ,,,0,,
39-030,Иммунограмма (развернутый анализ) ,31900,22330,31262,"Serum,EDTA ( 2 сиреневые+желтая)",6-8
39-079,Иммунограмма (клеточное звено),19500,13650,19110,"Serum,EDTA ( 2 сиреневые+желтая)",6-8
41-033,IgA (иммуноглобулин A),3000,2500,3500,Serum,1-2
41-034,IgM (иммуноглобулин М),3000,2500,3500,Serum,1-2
41-032,IgG (иммуноглобулин G),3000,2500,3500,Serum,1-2
39-132,Гамма- интерферон,4500,4200,5880,Serum,1-2
39-092,Фактор некроза опухоли (ФНО-α),7000,4900,6860,Serum,4-6
39-093,ИЛ-4,7000,4900,6860,Serum,6-8
39-094,ИЛ-10,9000,6300,8820,Serum,6-8
39-069,Интерлейкин - 6,9000,6300,8820,Serum,6-8
39-080,Интерлейкин(1b),4400,3600,5040,Serum,2 суток
39-097,ИЛ-2,9000,6300,8820,Serum,6-8
39-034,Эозинофильный катионный белок(ЭКБ),9000,6300,8820,Serum,2-4
39-067,Квантифероновый Тест,28000,24800,34720,Special tube,13-15
39-083,Антитела к сахаромицетам,6500,5500,7700,Serum,4--6
39-134,Гастропанель,42000,29400,41160,EDTA (2 сиреневые с гелем),13-15
29-037,Ангиотензинпревращающий фермент сыворотки (АПФ),30000,21000,29400,Serum,13-15
41-026,Анти-Sm,12000,9600,13440,Serum,13-15
49-041,"Антитела к гладкой мускулатуре ( ASMA, АГМА)",13800,11600,16240,Serum,6-8
49-048,"Borrelia burgdorferi, IgG, ИФА",5300,4400,6160,Serum,6-8
49-049,"Borrelia burgdorferi IgM, ИФА",5300,4400,6160,Serum,6-8
49-052,Антитела класса IgG к возбудителю коклюша,7900,6900,9660,Serum,7-9
49-053,Антитела класса IgM к возбудителю коклюша,7900,6900,9660,Serum,7-9
,ДИАГНОCТИКА АУТОИММУННЫХ ЗАБОЛЕВАНИЙ,,,0,,
49-001,С3 компонент комплемента,3500,2450,3430,Serum,1-2
49-002,С4 компонент комплемента,3500,2450,3430,Serum,1-2
41-022,Антитела к нативной ДНК (2-цепочной),4600,4600,6440,Serum,4-6
41-023,Антитела к денатурированной ДНК (1-цепочной) (качеств/количеств),4000,4000,5600,Serum,4-6
41-024,Анти-SSA/Ro,5500,3850,5390,Serum,4-6
41-025,Анти-SSB/La ,5500,3850,5390,Serum,4-6
41-028,Антитела к Scl-70 (склеродермия),7000,6000,8400,Serum,4-6
41-027,Анти-U1 snRNP,30000,21000,29400,Serum,"Вт,Пт"
41-030,Анти-MPO (антитела к миелопероксидазе),5200,4800,6720,Serum,"Вт,Пт"
41-031,Анти-PR 3 (антитела к протеиназе 3),7500,5250,7350,Serum,4-6
41-005,АМА (антитела к митохондриям),9000,6300,8820,Serum,"Вт,Пт"
41-029,АМА-М2 (антитела К Митохондриям М2),7000,5500,7700,Serum,5-7
41-001,"ANA (антинуклеарные антитела), качественно",9000,6300,8820,Serum,"Вт,Пт"
41-002,"ANA (антинуклеарные антитела), количественно",15000,10500,14700,Serum,"Вт,Пт"
41-004,"АNCA (антинейтроф. цитоплазмат. антитела , РНИФ, качест.)",12000,11000,15400,Serum,"Вт,Пт"
41-003,"ANCA (антинейтроф. цитоплазм.антитела , РНИФ, колич.)",15500,12500,17500,Serum,"Вт,Пт"
39-109,ANCA combi  (Антинейтрофильные цитоплазматические антитела IgG),23000,22000,30800,Serum,4-6
49-041,"Антитела к гладкой мускулатуре ( ASMA, АГМА)",11000,10000,14000,Serum,10
31-028,Анти-ЦЦП (антитела к циклическому цитруллиновому пептиду),9000,8000,11200,Serum,1-2
39-098,Антитела IgG к островковым клеткам Лангерганса (ICA screen). Сах. диабет 1 типа,24000,16800,23520,Serum,5-7
39-099,"Антитела к антигенам клеток поджелудочной железы 
(GAD/IA-2), IgG при сахарном диабете",17500,15500,21700,Serum,5-7
39-020,"Антитела к кардиолипину, IgА, IgM, IgG, 
суммарно кол-но",8800,7500,10500,Serum,4-6
39-119,Антитела К Β-2гликопротеину-1 IgА,8000,5600,7840,Serum,4-6
39-120,Антитела К Β-2гликопротеину-1 IgM,8000,5600,7840,Serum,4-6
39-041,Антитела К Β-2гликопротеину-1 IgG,8500,5950,8330,Serum,4-6
39-021,"Антитела к β-2гликопротеину-1, IgА, IgM, IgG, 
суммарно кол-но",9500,8500,11900,Serum,4-6
39-022,"Антитела к ацетилхолиновому рецептору (AChR) 
при миастении",40000,28000,39200,Serum,4-6
99-124,АТ к микросомальной фракции печени и почек (LKM),14000,9800,13720,Serum,10-12
39-102,"Антитела IgG к базальной мембране клубочков (GBM), титр",16500,12800,17920,Serum,5-7
39-115,"Антитела к Глиадину, IgG",8500,5950,8330,Serum,14-16
39-111,"Антитела к Инсулину, IgG",8000,5600,7840,Serum,16-18
49-036,Антитела К Цитруллинированному Виментину (анти-MCV),9000,6300,8820,Serum,15-17
39-103,"Диагностика ревматоидного артрита (РА): АНФ, РФ, АЦЦП, nucleosomes, dsDNA, histones, SS-A, Ro-52, SS-B, nRNP/Sm, Sm, Mi-2 alpha, Mi-2 beta, Ku, CENP A, CENP B, Sp100, PML, Scl-70, PM-Scl100, PM-Scl75, RP11, RP155, gp210, PCNA, DFS70 раздельно)",72500,50750,71050,Serum,6-8
39-104,Диагностика полинейропатий ,46500,32550,45570,Serum,6-8
39-105,"Развернутая серологическая диагностика системных заболеваний соединительной ткани: СКВ, с-м Шегрена, CREST–синдром, склеродермия, дермато-, полимиозит, воспалит. миопатии, ПБХ и др. (АНФ, nucleosomes, dsDNA, histones, SS-A, Ro-52, SS-B, nRNP/Sm, Sm, Mi-2 alpha, Mi-2 beta, Ku, CENP A, CENP B, Sp100, PML, Scl-70, PM-Scl100, PM-Scl75, RP11, RP155, gp210, PCNA, DFS70 раздельно)",63500,44450,62230,Serum,6-8
39-106,"Развернутое серологическое обследование при миопатиях (полимиозит, дерматомиозит) 
(АНФ, Jo-1, PL-7, Pl12, SRP, Ku, PM/Scl, Scl-70, Mi2)",57500,40250,56350,Serum,6-8
39-107,"Диагностика целиакии (АТ к эндомизию IgA/G, АТ к тканевой трансглутаминазе IgA/G; дезаминированному глиадину IgA/G)",45500,31850,44590,Serum,6-8
39-089,Антитела класса IgG к рецептору фосфолипазы А2 (PLA2R),24000,16800,23520,Serum,1-3
39-112,Антитела IgG При Аутоиммунных Заболеваниях Печени,36500,32500,45500,Serum,6-8
39-031,"Скрининг аутоиммунного поражения печени 
(АНФ, АПКЖ/APCA, AMA, АГМА/SMA, анти-LKM), титр",39500,27650,38710,Serum,6-8
39-108,"Развернутая серологическая диагностика аутоиммунных заболеваний печени (АНФ, АПКЖ/APCA, AMA, АГМА/SMA, анти-LKM, AMA M2, M2-3E, Sp100, PML, gp210, LKM-1, LC-1, SLA/LP, Ro-52 раздельно)",75500,60000,84000,Serum,6-8
19-007,LE-клетки (СКВ),4000,3300,4620,голубая,2-4
39-113,ЭЛИ-Висцеро-Тест-24 (антитела к 24 Антигенам) ,46000,32200,45080,Serum,13-15
,ГЕНЕТИЧЕCКИЕ ИCCЛЕДОВАНИЯ,,,0,,
99-005,Болезнь *Болезнь Коновалова-Вильсона (3 точки)а-Вильсона (3 точки),24000,21000,29400,EDTA,9-11
99-006,Гемохроматоз (3 точки),27500,22000,30800,EDTA,9-11
99-007,"Ген акцелерина, Лейденовская мутация - F5",8300,7500,10500,EDTA,9-11
99-008,Ген ингибитора активатора плазминогена - PAI1,8300,7500,10500,EDTA,9-11
99-009,Ген метилентетрагидрофолатредуктазы - MTHFR,8300,7500,10500,EDTA,9-11
99-010,Ген метионинсинтазы редуктазы - MTRR,8300,7500,10500,EDTA,9-11
99-011,Ген метионинсинтазы - MTR,8300,7500,10500,EDTA,9-11
99-012,Ген проконвертина - F7,8300,7500,10500,EDTA,9-11
99-013,Ген протромбина - F2 ,8300,7500,10500,EDTA,9-11
99-014,Ген тромбоцитарного интегрина - ITG A2 ,8300,7500,10500,EDTA,9-11
99-015,Ген тромбоцитарного интегрина - ITG B3,8300,7500,10500,EDTA,9-11
99-016,Ген фибриногена - FBG,8300,7500,10500,EDTA,9-11
99-017,Ген фибринстабилизирующего фактора - F13,8300,7500,10500,EDTA,9-11
99-018,Синдром Жильбера,34500,34000,47600,EDTA,9-11
99-019,Лактазная недостаточность,26500,24500,34300,EDTA,9-11
99-020,Муковисцидоз (28 точек),84500,59150,82810,EDTA,9-11
99-003,Определение кариотипа,22000,18000,25200,Heparin W/B,9-11
99-029,"Предрасположенность к болезни Альцгеймера (ген ApoE, аллельные варианты Е2,Е3,Е4)",32000,23500,32900,EDTA,9-11
99-121,Определение биологического родства (информативный),95000,66500,93100,эпителиальные клетки ротовой полости,9-11
99-021,Предрасположенность к развитию рака молочной железы и яичников (7 точек),50500,45000,63000,эпителиальные клетки ротовой полости,15-17
99-022,Предрасположенность к развитию рака предстательной  железы (7 точек),50500,45000,63000,EDTA,9-11
99-023,Предрасположенность  к тромбофилии - расширенная панель (11генов),80500,72000,100800,EDTA,9-11
99-024,Предрасположенность  к тромбофилии - расширенная панель (8 генов),60500,55000,77000,EDTA,9-11
99-025,"Предрасположенность к тромбофилии - фолатный обмен 
(4 гена)",23000,20500,28700,EDTA,9-11
99-026,Предрасположенность к синдрому поликистозных яичников,34500,29500,41300,EDTA,9-11
99-125,Ген MCM6. Исследование генетического маркера регуляторная область гена LAC,6000,4200,5880,EDTA,9-11
99-071,HLA B51,29500,20650,28910,EDTA,9-11
99-066,HLA B27,19000,14000,19600,EDTA,9-11
,АЛЛЕРГОЛОГИЧЕCКИЕ ИCCЛЕДОВАНИЯ,,,0,,
39-046,"Phadiatop  ImmunoCAP, IgE",14000,11500,16100,Serum,4-6
39-146,"Аллерген F78 - Казеин, IgE (ImmunoCAP)",8000,5600,7840,Serum,4-6
31-030,IgE (иммуноглобулин Е),4000,2800,3920,Serum,1-2
39-064,Аллерген - Септанест,5000,4200,5880,EDTA,2-4
39-045,Аллерген - Убистезин,5000,4200,5880,EDTA,2-4
39-050,Аллерген - Убистезин Форте,5000,4200,5880,EDTA,2-4
39-051,Аллерген - Мепивастезин,5000,4200,5880,EDTA,2-4
39-052,Аллерген - Новокаин,5000,4200,5880,EDTA,2-4
39-053,Аллерген - Ораблок,5000,4200,5880,EDTA,2-4
39-023,IgE к лидокаину (C82),5000,3500,4900,Serum,2-4
39-024,IgE к мепивакаину (C88),5000,3500,4900,Serum,2-4
39-025,IgE к ультракаину,5000,3500,4900,Serum,2-4
39-026,IgE к артикаину (С68),5000,3500,4900,Serum,2-4
39-101,IgE (C312)-лактоза,7000,4900,6860,Serum,4-6
39-133,Аллергия к лекарственным препаратам,12000,8400,11760,EDTA,4-6
39-035,Сенсибилизация к лекарственным Препаратам,12500,8750,12250,EDTA,2-4
39-136,Аллерген К Цефтриаксону,5000,3500,4900,EDTA,2-4
39-054,"Панель Клещевых Аллергенов №1 (DP1) Клещ Домашней Пыли: D.pteronyssinus; D.farinae; D. Microceras; L.destructor; D,putriscentiae; G.Omesticus; E.Maynei; B.tropicalis",5000,4250,5950,Serum,3-5
39-055,"Панель Аллергенов Животных №1 (EP 1) : Эпителий Кошки, Перхоть Лошади, Перхоть Коровы, Перхоть Собаки",7500,7000,9800,Serum,3-5
39-056,"Панель Аллергенов Животных №70 (EP 70): Эпителий Морской Свинки, Эпителий Кролика, Эпителий Хомяка, Крысы, Мыши",5000,4250,5950,Serum,3-5
39-057,"Панель Аллергенов Деревьев №5 (ТР 5): Ольха, Лещина Обыкновенная, Вяз, Ива, Тополь",5000,4250,5950,Serum,3-5
39-058,"Панель Аллергенов Деревьев №7 (ТР 7): Маслина, Ива, Сосна Белая, Эвкалипт, Акация, Чайное Дерево",5000,4250,5950,Serum,3-5
39-059,"Панель Аллергенов Плесени №1 (МР 1): Penicillinum Notatum, Cladosporium Herbarum, Aspergilius Fumigatus, Candida Albicans, Alternaria Tenuis",5000,4250,5950,Serum,3-5
39-060,"Панель Аллергенов Сорных Трав №7 (WР 7): Ромашка, Одуванчик, Подорожник, Лебеда Раскидистая (марь Белая), Золотарник",5000,4250,5950,Serum,3-5
39-061,"Панель Аллергенов  Трав №2 (WР2): Бермудская Трава (свинорой), Рожь Многолетняя, Тимофеевка Луговая, Мятлик Луговой, Джонсонова Трава (сорго Алепское), Гречка Заметная",5000,4250,5950,Serum,3-5
39-062,"Панель Ингаляционных Аллергенов (IP 1): Ежа Сборная, Тимофеевка Луговая, Кедр Японский, Амброзия Обыкновенная, Полынь",5000,4250,5950,Serum,3-5
39-138,"Панель Пищевых Аллергенов № 1, IgE (арахис, Миндаль, Фундук, Кокос, Бразильский Орех) (fp1)",5000,4250,5950,Serum,3-5
39-139,"Панель Пищевых Аллергенов №2 (FP 2): Треска, Тунец, Креветки, Лосось, Мидии.",5000,4250,5950,Serum,3-5
39-140,"Панель Пищевых Аллергенов №3 (FP 3): Пшеничная, Овсяная, Кукурузная Мука, Семена Кунжута, Гречневая Мука.",5000,4250,5950,Serum,3-5
39-141,"Панель Пищевых Аллергенов №5 (FP 5): Яичный Белок, Молоко, Треска, Пшеничная Мука, Арахис, Соевые Бобы.",6500,6000,8400,Serum,3-5
39-142,"Панель Пищевых Аллергенов №7 (FP 7): Яичный Белок, Рис, Коровье Молоко, Арахис, Пшеничная Мука, Соевые Бобы.",6500,6000,8400,Serum,3-5
39-143,"Панель Пищевых Аллергенов №13 (FP 13): Зелёный Горошек, Белые Бобы, Морковь, Картофель",7000,6500,9100,Serum,3-5
39-144,"Панель Пищевых Аллергенов №15 (FP 15): Апельсин, Банан, Яблоко, Персик",7000,6500,9100,Serum,3-5
39-145,"Панель Пищевых Аллергенов №73 (FP 73): Свинина, Куриное Мясо, Говядина, Баранина.",7000,6500,9100,Serum,3-5
29-032,"Вальпроевая кислота (депакин, конвулекс, энкорат)",6500,4550,6370,Serum,
29-042,Окскарбазепин,19200,16200,22680,Serum,5 -6
29-033,Карбамазепин,13000,9100,12740,Serum,2-4
49-003,Такролимус,20000,14000,19600,EDTA,2-4
29-034,Циклоспорин ,11000,7700,10780,EDTA,4-6
29-036,Ламотриджин,23000,16100,22540,Serum,10-12
39-033,Леветирацетам,23000,16100,22540,Serum,10-12
 39-118," Аллерген F79 - Глютен (клейковина), IgE",4500,3150,4410, Serum, 4-6
,НАРКОТИЧЕCКИЕ ВЕЩЕCТВА,,,0,,
29-039,Тест На Наличие Наркотических Веществ,6200,4340,6076,Urine,1-2
39-114,"Определение Никотина И Его Метаболитов (никотин, Котинин) В Моче",29000,20300,28420,Urine,10-12
,ОНКОМАРКЕРЫ,,,0,,
31-060,Скрининговое Исследование (I-FINDER),145000,101500,142100,Sod.citrate/Serum ( 2пр желтые+голубая),1-2
31-047,АФП (беременные),3700,2590,3626,Serum,1-2
31-011,АФП (альфа - фетопротеин),3800,2660,3724,Serum,1-2
39-027,Антиген плоскоклеточной карциномы (SCCA),22000,15400,21560,красная крышка с гелем ,7-9
79-004,Белок S100,12500,11000,15400,Serum,2-4
29-026,Бета-2-микроглобулин в сыворотке (β2-microglobulin ) сыворотка/моча,9200,6440,9016,Serum,7-9
39-042,СА-242,7500,5250,7350,Serum,6-8
31-014,CA125 (углеводный антиген 125),3800,2660,3724,Serum,1-2
31-013,CA19-9 (углеводный антиген 19-9),3800,3500,4900,Serum,1-2
31-022,СА 72-4 (углеводный антиген 72-4),6000,4200,5880,Serum,1-2
31-015,CA15-3 (углеводный антиген 15-3),4000,2800,3920,Serum,1-2
31-019,Cyfra 21-1 (Цитокератина 19),6000,4200,5880,Serum,1-2
31-020,HE-4 (белок 4 эпидидимиса человека),15000,13500,18900,Serum,1-2
31-021,ROMA (расчет риска рака яичников),22000,21000,29400,Serum,1-2
31-023,НСЕ (нейронспецифическая энолаза),5900,4130,5782,Serum,1-2
31-016,ПСА (простат специфический антиген),4000,2800,3920,Serum,1-2
31-017,Свободный ПСА,4000,2800,3920,Serum,1-2
31-012,РЭА (Раково-эмбриональный антиген),3500,2450,3430,Serum,1-2
31-018,Соотношение ПСА свободный / ПСА,6800,4760,6664,Serum,1-2
,ДИАГНОCТИКА ИНФЕКЦИОННЫХ ЗАБОЛЕВАНИЙ,,,0,,
41-013,ВПГ - IgМ (антитела класса IgМ к ВПГ 1 и 2 тип),2700,1890,2646,Serum,"Пн,Чт"
41-012,ВПГ-IgG (антитела класса IgG к ВПГ 1 и 2 тип),2700,1890,2646,Serum,"Пн,Чт"
41-020,ВПГ -IgG  (Авидность антител IgG к вирусу прост. герп. ),4500,3150,4410,Serum,2-4
39-147,Антитела Класса IgG к герпесвирусу человека 6 типа (ANTI-HHV-6 IgG),5000,4000,5600,Serum,4-6
91-119,"Герпесвирус 6 Типа, Определение ДНК В Сыворотке Крови (HHV-6 DNA)",6490,4540,6356,Serum,6-8
98-008,"ВПГ. Herpes Virus 1,2 тип, ПЦР (моча)",4450,3110,4354,Random Urine,1-2
91-123,"ВПГ. Herpes Virus1 и 2 тип (соскоб), ПЦР",3100,2170,3038,Cervical swab,1-2
98-024,"ВПГ.Herpes simplex virus type 1 и 2 тип, ПЦР (кровь)",3300,2340,3276,EDTA,2-3
49-038,"Varicella Zoster Virus IgG, ИФА",6500,4550,6370,Serum,2-4
49-039,"Varicella Zoster Virus IgM, ИФА",8000,5600,7840,Serum,2-4
49-040,"Varicella Zoster Virus IgA, ИФА",8000,5600,7840,Serum,2-4
91-111,"Varicella Zoster Virus, ПЦР",3500,2450,3430,Other,4-6
49-031,"Краснуха. Антитела IgM к вирусу краснухи, ИФА",3500,2450,3430,Serum,2-3
49-030,"Краснуха. Антитела IgG к вирусу краснухи, ИФА",3500,2450,3430,Serum,2-3
49-019,"Краснуха. Авидность антител IgG к вирусу краснухи, ИФА",6000,4200,5880,Serum,2-4
41-010,Антитела класса IgG к токсоплазме,3000,2100,2940,Serum,2-4
41-011,Антитела класса IgМ к токсоплазме,3000,2100,2940,Serum,1-2
49-020,"Токсоплазмоз. Авидность антител IgG к токсоплазме гонди, ИФА",4500,3150,4410,Serum,2-3
91-135,"Токсоплазмоз. T. gondi (кровь), ПЦР",5200,5100,7140,EDTA,3-5
91-117,"Токсоплазмоз. T. gondi (соскоб), ПЦР",4500,3150,4410,Cervical swab,2-3
41-009,"ЦМВ. Антитела класса IgM к цитомегаловирусу, ИФА",3500,2450,3430,Serum,"Пн,Чт"
41-008,"ЦМВ. Антитела класса IgG к цитомегаловирусу, ИФА",3500,2450,3430,Serum,"Пн,Чт"
49-021,"ЦМВ. Авидность антител IgG к цитомегаловирусу, ИФА",4500,3150,4410,Serum,"Пн,Ср,Пт"
91-110,"ЦМВ.Cytomegalovirus (с колич. вирус. нагрузкой), ПЦР, (соскоб)",7500,7500,10500,Cervical swab,2-4
91-126,"ЦМВ.Cytomegalovirus (с колич. вирус. нагрузкой), ПЦР, (моча)",12000,11500,16100,Urine,2-4
91-127,"ЦМВ.Cytomegalovirus (с колич. вирус. нагрузкой), ПЦР (кровь)",7500,7500,10500,EDTA,2-4
98-013,"ЦМВ.Cytomegalovirus (качественный), ПЦР, (соскоб)",3500,2450,3430,Cervical swab,1-2
98-023,"ЦМВ.Cytomegalovirus (качественный), ПЦР (кровь)",3300,2340,3276,EDTA,2-3
,ЗООНОЗНЫЕ ИНФЕКЦИИ,,,0,,
39-001,Бруцеллез. Реакция Райта-Хеддельсона,5000,3500,4900,Serum,2-4
39-002,Бруцеллез.Реакция Райта,4200,3200,4480,Serum,2-4
39-065,Реакция Вассермана (номер),3300,2310,3234,Serum,2-4
49-016,"Бруцеллез. Антитела IgA К Бруцеллезу, ИФА",2200,1800,2520,Serum,2-4
39-130,Определение Антител IgG К Лимфоцитарному Менингиту,140000,135000,189000,Serum,1-2
39-131,Определение Антител IgМ К Лимфоцитарному Менингиту,33500,31000,43400,Serum,1-2
39-129,Антитела к  Neisseria Meningitidis,180000,126000,176400,Serum,1-2
49-022,Антитела к  Neisseria Meningitidis,2000,1400,1960,Serum,"Пн,Ср,Пт"
49-004,"Иерсиниоз- IgG к иерсениозу и псевдотуберкулезу, ИФА",3000,2100,2940,Serum,"Пн,Ср,Пт"
49-046,"Иерсиниоз- IgM к иерсениозу и псевдотуберкулезу, ИФА",3000,2600,3640,Serum,4-6
49-045,"Иерсиниоз- IgA к иерсениозу и псевдотуберкулезу, ИФА",3000,2600,3640,Serum,4-6
39-150,"Иерсиниоз  Yersinia pseudotuberculosis,РПГА",5200,3640,5096,Serum,4-6
49-037,"Лептоспироз. Антитела IgG к лептоспирам, ИФА",3600,3600,5040,Serum,2-4
49-005,"Листериоз. Антитела IgG к токсину листерии, ИФА",2200,1750,2450,Serum,"Пн,Ср,Пт"
98-005,"Листериоз. Листерии (кровь), ПЦР",3200,3000,4200,EDTA W/B,4-6
98-006,"Листериоз. Листерии (моча), ПЦР",3200,3000,4200,Random Urine,4-6
98-004,"Листериоз. Листерии (соскоб), ПЦР",3200,3000,4200,Cervical swab,2-3
98-014,Возбудители клещевого энцефалита и клещевого боррелиоза (кровь),8000,7000,9800,EDTA,9-11
98-015,Возбудители клещевого энцефалита и клещевого боррелиоза (клещ),8000,7000,9800,Plain Tube,9-11
,ПАРАЗИТАРНЫЕ ИНФЕКЦИИ,,,0,,
69-001,Кал на яйца Гельминтов И Цисты Простейших (22 Видов),15000,10500,14700,Stool,6-8
41-045,"Антитела IgG к тканевым гельминтам (к описторхам, токсокарам,трихинеллам,эхинококку)",6500,4550,6370,Serum,2-3
49-044,Описторхи. Антитела IgM К Описторхам,2400,2150,3010,Serum,"Пн,Ср,Пт"
41-040,Описторхи. Антитела IgG к описторхам,2400,2150,3010,Serum,Пн-Пт
41-041,Токсокары. Антитела IgG к токсокарам,2400,1900,2660,Serum,2-4
41-042,Трихинеллы. Антитела IgG к трихинеллам,3400,3200,4480,Serum,Пн-Пт
49-029,"Leishmania Infantum IgG, IgM",5500,3850,5390,Serum,2-4
49-028,"Аспергиллы, Антитела IgG",3000,2800,3920,Serum,2-4
41-044,Эхинококк. Антитела IgG к эхинококку,3000,2800,3920,Serum,"Пн,Ср,Пт"
41-038,"Лямблии. Антитела IgA к лямблиям, ИФА",2200,1540,2156,Serum,Пн-Пт
41-039,"Лямблии. Антитела IgG к лямблиям, ИФА",2200,1540,2156,Serum,Пн-Пт
41-046,"Лямблии. Антитела IgM К Лямблиям, ИФА",2200,1950,2730,Serum,Пн-Пт
41-037,Аскариды. Антитела IgG к аскаридам,2400,1680,2352,Serum,Пн-Пт
97-001,ПЦР Ascaris Lumbricoides (Аскарида),9000,6300,8820,Stool,4-6
97-002,ПЦР Giardia Lamblia (Лямблия),7300,6500,9100,Stool,4-6
97-003,ПЦР Enterobius Vermicularis (Острица),7300,6500,9100,Stool,4-6
98-001,Хеликобактер Пилори (кал) ПЦР,7500,5250,7350,Stool,4-6
98-007,ПЦР Opisthorchis Felineus (Описторх),7300,6500,9100,Stool,4-6
98-010,"Toxocara Spp (Токсокара), ПЦР",7500,6500,9100,Stool,4-6
98-011,"Trichuris trichura (Власоглав), ПЦР",7000,5000,7000,Stool,4-6
98-003,Определение Токсина А Clostridium Difficile,9800,8000,11200,Stool,5-7
,ИНФЕКЦИИ ПЕРЕДАЮЩИЕCЯ ПОЛОВЫМ ПУТЕМ (ИППП),,,0,,
92-101,"ВПЧ. Вирус папилломы чел. Human P. 16, ПЦР",3500,2450,3430,Cervical swab,1-2
92-102,"ВПЧ.Вирус папилломы чел. Human P. 18, ПЦР",3500,2450,3430,Cervical swab,1-2
92-105,"ВПЧ.Вирус папилломы чел. Human P.16 +18, ПЦР",7000,4250,5950,Cervical swab,1-2
92-103,Вирус папилломы человека 11.ПЦР,3500,2450,3430,Cervical swab,2-3
92-104,Вирус папилломы человека 6. ПЦР,3500,2450,3430,Cervical swab,2-3
15,"Гарднереллы. G. vaginalis (соскоб), ПЦР",3600,2520,3528,Cervical swab,"Пн,Ср,Пт"
91-128,"Гарднереллы. G. vaginalis (моча), ПЦР",3700,2590,3626,Urine,"Пн,Ср,Пт"
49-006,"Гарднереллы IgM ( Антитела IgM к G. vaginalis), ИФА",2400,1680,2352,Serum,"Пн,Ср,Пт"
49-007,"Гарднереллы IgG ( Антитела IgG к G. vaginalis ), ИФА",2400,1680,2352,Serum,"Пн,Ср,Пт"
91-102,"Гонококки. Neisseria G. (соскоб), ПЦР",3000,2100,2940,Cervical swab,"Пн,Ср,Пт"
91-129,"Гонококки. Neisseria gonorrhoeae (моча), ПЦР",3800,2660,3724,Urine,"Пн,Ср,Пт"
91-115,"Кандида С. albicans (соскоб), ПЦР",3000,2100,2940,Cervical swab,"Пн,Ср,Пт"
91-130,"Кандида C. albicans (моча), ПЦР",3800,2660,3724,Urine,"Пн,Ср,Пт"
41-019,"Кандиды. Антитела IgM к С. albiCans, ИФА",2200,1540,2156,Serum,"Пн,Чт"
49-008,"Кандиды IgG ( антитела Candida albicans),ИФА",2200,1540,2156,Serum,"Пн,Ср,Пт"
91-103,"Микоплазма. M. genitalium (соскоб), ПЦР",2900,2030,2842,Cervical swab,"Пн,Ср,Пт"
98-009,"Микоплазма. M. genitalium (моча), ПЦР",3000,2100,2940,Random Urine,"Пн,Ср,Пт"
91-104,"Микоплазма. M. hominis (соскоб), ПЦР",2900,2030,2842,Cervical swab,"Пн,Ср,Пт"
91-131,"Микоплазма. M. hominis (моча), ПЦР",3800,2660,3724,Random Urine,"Пн,Ср,Пт"
49-009,"Микоплазма IgM (антитела IgM к M. hominis), ИФА",2300,1610,2254,Serum,2-4
49-011,"Микоплазма. Антитела IgM + IgG к M. Hominis), ИФА",3500,2450,3430,Serum,2-4
49-010,"Микоплазмы IgG (антитела IgG  к M. hominis, ИФА",2100,1470,2058,Serum,2-4
21-041,Микрореакция (Сифилис RPR) ,2600,1820,2548,Serum,1-2
21-042,Реакция Вассермана (RW),3000,2100,2940,Serum,1-2
49-025,Сифилис. Антитела Суммарные К T.pallidum,2700,2100,2940,Serum,"Пн,Ср,Пт"
29-041,Сифилис РПГА (Реакция пассивной гемагглютинации),2360,1600,2240,Serum,2 суток
41-017,"Трихомонады IgG (антитела Т.Vaginalis , IgG )",2000,1600,2240,Serum,"Пн,Чт"
49-015,"Трихомонады IgM (Антитела к T. vaginalis IgM ), ИФА",2000,1600,2240,Serum,2-3
49-012,"Трихомонады. T. Vaginalis (соскоб), ПЦР",2600,2100,2940,Swab,"Пн,Ср,Пт"
98-012,"Trichomonas Tenax (Трихомонада), ПЦР",7500,5900,8260,Stool,4-6
41-018,"Уреаплазма  IgG (антитела  U.urealyticum, IgG )",2400,1680,2352,Serum,"Пн,Ср,Пт"
49-013,"Уреаплазма IgA  (Антитела IgA к U. urealytiCum), ИФА",2300,2100,2940,Serum,"Пн,Ср,Пт"
49-014,"Уреаплазма  IgM (антитела IgM  к U. urealytiCum), ИФА",2300,2100,2940,Serum,"Пн,Ср,Пт"
91-106,"Уреаплазма. U. urealyticum (соскоб), ПЦР",2900,2030,2842,Cervical swab,"Пн,Ср,Пт"
91-107,Ureaplasma parvum. ПЦР,2900,2030,2842,Cervical swab,"Пн,Ср,Пт"
91-122,"Уреаплазма. U. parvum+ U.urealyticum (соскоб), ПЦР",3800,2660,3724,Cervical swab,"Пн,Ср,Пт"
91-132,"Уреаплазма. U. parvum+ U.urealyticum (моча), ПЦР",3800,2660,3724,Urine,"Пн,Ср,Пт"
49-027,Хламидии - IgM ( Антитела Класса IgM К Chlamydia Trachomatis),2200,1540,2156,Serum,"Пн,Ср,Пт"
41-021,Хламидии - IgG (антитела класса IgG к Chlamydia trachomatis),2200,2000,2800,Serum,Пн-Пт
49-033,"Хламидии. Антитела IgA к C. trachomatis, ИФА",2200,1540,2156,Serum,"Пн,Ср,Пт"
91-101,"Хламидии. С. TraChomatis (соскоб), ПЦР",2800,1960,2744,Cervical swab,"Пн,Ср,Пт"
91-133,"Хламидии. C. trachomatis (моча), ПЦР",3700,2590,3626,Urine,"Пн,Ср,Пт"
91-139,"Parvovirus B19, ДНК [реал-тайм ПЦР]",5500,4450,6230,EDTA,8-10
,ДРУГИЕ ИНФЕКЦИИ,,,0,,
39-068,ВИЧ. комби,4000,2800,3920,Serum,3
39-078,ВИЧ. Антитела к ВИЧ (для доноров),4000,2800,3920,Serum,3
31-007,Антитела К ВИЧ (для санит.книжки),3000,2100,2940,Serum,1-2
39-004,ВИЧ. Антитела к ВИЧ (для сертификата),4000,2800,3920,Serum,3
41-016,ВЭБ - NA-IgG (антитела  IgG  к ядерн. антиг. вируса Эпштейна-Барра),3000,2100,2940,Serum,"Пн,Чт"
41-015,ВЭБ - ЕА-  IgG (антитела  IgG  раннему антиг. ЕА вируса Эпштейна-Барр),3000,2100,2940,Serum,"Пн,Чт"
49-026,Вирус Эпштейна-Барр -VCA-IgG,2400,2100,2940,Serum,5-7
49-047,ВЭБ VCA-IgG (Антитела к капсидному антигену вируса Эпштейна – Барр) с определением авидности,4500,3150,4410,Serum,"Пн,Ср,Пт"
41-014,ВЭБ VCA-IgM (антитела  IgM к капсидн антигену вируса Эпштейна-Барр),3000,2100,2940,Serum,"Пн,Чт"
91-118,"ВЭБ. Вирус Эпштейн-Барра, ПЦР (кровь)",5900,5900,8260,EDTA,2-4
91-134,"ВЭБ. Вирус Эпштейн-Барра, ПЦР (моча)",5000,4500,6300,Urine,2-4
92-108,"ВЭБ.Вирус Эпштейн- Барра (мазок из зева, количественный) ПЦР",6600,5900,8260,Nasopharyngeal swab,5-7
49-023,Корь. Антитела IgM,4000,3500,4900,Serum,"Пн,Ср,Пт"
49-018,Корь. Антитела IgG,4000,2800,3920,Serum,"Пн,Ср,Пт"
41-006,"Микоплазма  IgM  (Антител Мycoplasma pneumoniae, IgM )",2300,1610,2254,Serum,"Пн,Чт"
41-007,"Микоплазма IgG (Mycoplasma pneumoniae), антитела IgG",2400,1680,2352,Serum,"Пн,Чт"
49-035,Хламидии IgM (антитела IgM к хламидии пневмони),2800,2200,3080,Serum,2-4
49-034,Хламидии IgG (антитела IgG к хламидии пневмони),2800,2200,3080,Serum,2-4
41-043,Хеликобактер. Антитела IgA к H.pylori,2200,1540,2156,Serum,Пн-Пт
49-042,Антитела Класса IgG К Вирусу Эпидемического Паротита,18000,12600,17640,Serum,6-8
49-043,Антитела Класса IgM К Вирусу Эпидемического Паротита,18000,12600,17640,Serum,6-8
41-047,Хеликобактер. Антитела IgG к H.pylori,2300,1610,2254,Serum,Пн-Пт
,ВИРУCНЫЕ ГЕПАТИТЫ,,,0,,
31-002,"HBs-антиген (HBsAg), качественный (для сан.книжки)",2800,1600,2240,Serum,1-2
31-001,HBs-антиген (HBsAg)-Гепатит В,3800,2660,3724,Serum,1-2
39-081,Anti-HBe IgG (Антитела к вирусу Гепатита В),4000,2800,3920,Serum,1-2
31-003,Анти-HBs (антитела к поверхн. антигену вируса гепатита В),4500,3150,4410,Serum,1-2
49-051,Определение суммарных антител к HBsAg вируса гепатита B в сыворотке крови ИФА,4900,3900,5460,Serum,2-4
39-028,Гепатит В. Антитела Anti- HBcore IgM + IgG (суммарные),4400,4400,6160,Serum,4-6
39-074,Гепатит В. Антитела anti- HBCore IgM,9000,8500,11900,Serum,1-2
94-001,"Гепатит В. Качественный HBV, ДНК, ПЦР",8000,6500,9100,Serum,5-7
94-002,"Гепатит В. Количественный HBV, ДНК, ПЦР",13500,12800,17920,Serum,5-7
31-006,"анти-HCV (Антитела к вирусу гепатита С), качественный (для сан.книжки)",2800,1600,2240,Serum,1-2
31-005,"Антитела к вирусу гепатита С IgG, IgM (анти-HCV IgG, IgM total)",4900,3430,4802,Serum,1-2
94-003,"Гепатит С. Качественный HCV , РНК, ПЦР",4900,4000,5600,Serum,5-7
94-004,"Гепатит С. Количественный HCV, РНК, ПЦР",9000,8000,11200,Serum,5-7
94-009,"Гепатит С. Генотипирование (1а, 1в, 2, 3, 4, 5, 6 типы)",22500,20400,28560,EDTA с гелем,11-12
39-029,Гепатит Е. Aнтитела IgM К Гепатиту Е (anti-HEV-IgM),4400,4400,6160,Serum,2-4
94-005,Гепатит С. Генотипирование HCV ПЦР,9000,8000,11200,Serum,6-7
39-076,Гепатит Д. Антитела IgM+IgG к гепатиту Д (anti-HDV IgM+IgG),3700,3700,5180,Serum,2-4
94-007,"Гепатит Д. Качественный HDV, РНК, ПЦР",6000,5500,7700,Serum,5-7
94-008,"Гепатит Д. Количественный HDV, РНК, ПЦР",13000,11000,15400,Serum,5-7
39-075,Анти-HAV IgM (гепатита А),3300,2890,4046,Serum,2-4
,ПЦР ДИАГНОCТИКА (PCR DIAGNOSTICS),,,0,,
95-001,MTB Real-time PCR (Макрота),8500,7500,10500,Sputum,
96-014,"Респираторная панель (11 типов бактерий)
Микоплазма
Хламидия пневмонии
Легионелла пневмонии
Гемофильная палочка 
Стрептококкус пневмонии 
Коклюш 
Паракоклюш
Моракселла катаралис
Клебсиелла пневмонии 
Стафилококк золотистый 
Синегнойная палочка
Микоплазма",19500,16500,23100,,1-2
96-012,Панель Респираторного Вируса (19 Типов),26000,21000,29400,Nasopharyngeal swab,1-2
,Panel 1- Вирусы (Viruses),,,0,,
,Вирус гриппа А,,,0,,
,Вирус гриппа B,,,0,,
,Респираторно-синцитиальный вирус А,,,0,,
,Респираторно-синцитиальный вирус B,,,0,,
,Вирус гриппа А-Н1,,,0,,
,Вирус гриппа А-Н1pdm09,,,0,,
,Вирус гриппа А-Н3,,,0,,
,Panel 2- Вирусы (Viruses),,,0,,
,Аденовирус,,,0,,
,Энтеровирус,,,0,,
,Вирус парагриппа 1,,,0,,
,Вирус парагриппа 2,,,0,,
,Вирус парагриппа 3,,,0,,
,Вирус парагриппа 4,,,0,,
,Метапневмовирус,,,0,,
,Panel 3- Вирусы (Viruses),,,0,,
,Бокавирус,,,0,,
,Риновирус,,,0,,
,Коронавирус NL63,,,0,,
,Коронавирус 229E,,,0,,
,Коронавирус OC43,,,0,,
96-001,"Панель респираторного вируса 1 (7 Типов) 
Респираторно-синцитиальный вирус A
Респираторно-синцитиальный вирус B
Вирус гриппа A
Вирус гриппа А (H1)
Вирус гриппа А (H1N1 pdm09)
Вирус гриппа А (H3)
Вирус гриппа B",15000,10500,14700,Nasopharyngeal swab,1-2
96-002,"Панель респираторного вируса 2 (7 Типов) 
Аденовирус 
Энтеровирус 
Вирус парагриппа 1
Вирус парагриппа 2
Вирус парагриппа 3
Вирус парагриппа 4
Метапневмовирус",15000,10500,14700,Nasopharyngeal swab,1-2
96-003,"Панель респираторного вируса 3 (5 Типов)
Бокавирус 
Риновирус 
Коронавирус NL63
Коронавирус 229E
Коронавирус OC43",15000,10500,14700,Nasopharyngeal swab,1-2
96-004,"Панель Респираторных Бактерии (7 Типов)
Streptococcus pneumoniae
Mycoplasma pneumoniae
Haemophilus influenzae
Legionella pneumophila
Chlamydophila pneumoniae
Bordetella pertussis
Bordetella parapertussis",15000,10500,14700,Nasopharyngeal swab,1-2
96-011," Панель Респираторного Вируса/Бактерия (26 Типов)
Респираторно-синцитиальный вирус A
Респираторно-синцитиальный вирус B
Вирус гриппа A
Вирус гриппа А (H1)
Вирус гриппа А (H1N1 pdm09)
Вирус гриппа А (H3)
Вирус гриппа B
Аденовирус 
Энтеровирус 
Вирус парагриппа 1
Вирус парагриппа 2
Вирус парагриппа 3
Вирус парагриппа 4
Метапневмовирус
Бокавирус 
Риновирус 
Коронавирус NL63
Коронавирус 229E
Коронавирус OC43
Streptococcus pneumoniae
Mycoplasma pneumoniae
Haemophilus influenzae
Legionella pneumophila
Chlamydophila pneumoniae
Bordetella pertussis
Bordetella parapertussis",40000,35500,49700,Nasopharyngeal swab,1-2
,Панель бактерии ЖКТ ,,,0,,
93-006,"Панель Инфекции ЖКТ (25 Типов)
Норовирус GI 
Норовирус GII 
Ротавирус 
Аденовирус 
Астровирус 
Саповирус 
Сальмонеллы 
Шигеллы 
Вибрионы 
Кампилобактер 
Клостридии диффициле токсин В
Кишечный иерсиниоз 
Аэромонас гидрофила 
Гипервирулентные штаммы клостридиум диффициле 
E.coli O 157
Шига-токсин продуцирующая кишечная палочка 
Энтеропатогенная кишечная палочка 
Энтеротоксигенная кишечная палочка 
Энтерогеморрагическая кишечная палочка 
Giardia lamblia
Entamoeba histolytica
Cryptosporidium spp.
Blastocystis hominis
Dientamoeba fragilis
Cyclospora cayetanensis",55000,45000,63000,Stool,"Вт,Пт"
93-001,"Панель Вирусов ЖКТ (6 Типов)
Норовирус GI 
Норовирус GII 
Ротавирус 
Аденовирус 
Астровирус 
Саповирус ",16000,11000,15400,Stool,"Вт,Пт"
93-002,"Панель бактерии ЖКТ 1 (7 Типов)
Сальмонеллы 
Шигеллы 
Вибрионы 
Кампилобактер 
Клостридии диффициле токсин В
Кишечный иерсиниоз 
Аэромонас гидрофила ",16000,11000,15400,Stool,"Вт,Пт"
93-003,"Панель бактерии ЖКТ 2 (6 Типов)
Гипервирулентные штаммы клостридиум диффициле 
E.coli O 157
Шига-токсин продуцирующая кишечная палочка 
Энтеропатогенная кишечная палочка 
Энтеротоксигенная кишечная палочка 
Энтерогеморрагическая кишечная палочка ",16000,11000,15400,Stool,"Вт,Пт"
93-005,Панель бактерии ЖКТ (13 типов),24000,20000,28000,Stool,"Вт,Пт"
,Панель бактерии ЖКТ 1,,,0,,
,Кампилобактер,,,0,,
,Clostridium difficile токсин B,,,0,,
,Сальмонелла ,,,0,,
,Шигелла ,,,0,,
,Холера ,,,0,,
,Иерсиния энтероколитика,,,0,,
,Аэромонас гидрофила,,,0,,
,Панель бактерии ЖКТ 2 (6 Типов),,,0,,
,Clostridium difficile гипервирулентный,,,0,,
,Кишечная палочка,,,0,,
,Кишечная палочка (STEC),,,0,,
,Энтеропатогенная кишечная палочка,,,0,,
,ETEC* ( It/st ),,,0,,
,EAEC* ( aggR ),,,0,,
93-004,Гастроинтестинальная панель (ПАРАЗИТЫ),18000,16000,22400,Stool,2-4
,Giardia lamblia,,,0,,
,Entamoeba histolytica,,,0,,
,Cryptosporidium spp.,,,0,,
,Blastocystis hominis,,,0,,
,Dientamoeba fragilis,,,0,,
,Cyclospora cayetanensis,,,0,,
,ИППП-панель (STI panel),,,0,,
91-136,Андрофлор скрин. Скрининговое исследование микрофлоры урогенитального тракта мужчин,14500,10150,14210,Other,"Пн,Ср,Пт"
91-124,Исследование биоценоза (Фемофлор-скрин ),18000,16000,22400,Cervical swab,"Пн,Ср,Пт"
91-125,Исследование биоценоза (ФЕМОФЛОР-16 ),23000,19600,27440,Cervical swab,2-3
91-001,Женское Комплексное Выявление ИППП I-Основная Панель ИППП,14000,9900,13860,Cervical swab,"Вт,Пт"
,Chlamydia trachomatis,,,0,,
,Neisseria gonorrhoeae,,,0,,
,Mycoplasma genitalium,,,0,,
,Mycoplasma hominis,,,0,,
,Trichomonas vaginalis,,,0,,
,Ureaplasma urealyticum,,,0,,
,Ureaplasma parvum,,,0,,
91-005,Женское Комплексное Выявление ИППП I-Основная Панель ИППП (моча),14000,9900,13860,Cervical swab,"Вт,Пт"
,Chlamydia trachomatis,,,0,,
,Neisseria gonorrhoeae,,,0,,
,Mycoplasma genitalium,,,0,,
,Mycoplasma hominis,,,0,,
,Trichomonas vaginalis,,,0,,
,Ureaplasma urealyticum,,,0,,
,Ureaplasma parvum,,,0,,
91-009,"Женское комплексное выявление ИППП  III
Chlamydia trachomatis
Neisseria gonorrhoeae
Mycoplasma genitalium
Mycoplasma hominis
Trichomonas vaginalis
Ureaplasma urealyticum
Ureaplasma parvum
Gardnerella vaginalis
Bacteroides fragilis
Lactobacillus spp
Mobiluncus spp
BV-associated bacteria 2
Atopobium vaginae
Megasphaera type 1
Candida albicans
Candida lusitaniae
Candida dubliniensis
Candida krusei
Candida tropicalis
Candida parapsilosis
Candida glabrata",42000,29000,40600,Cervical swab,"Вт,Пт"
91-010,"Женское комплексное выявление ИППП  IV
Chlamydia trachomatis
Neisseria gonorrhoeae
Mycoplasma genitalium
Mycoplasma hominis
Trichomonas vaginalis
Ureaplasma urealyticum
Ureaplasma parvum
Gardnerella vaginalis
Bacteroides fragilis
Lactobacillus spp
Mobiluncus spp
BV-associated bacteria 2
Atopobium vaginae
Megasphaera type 1
Вирус простого герпеса 1
Вирус простого герпеса 2
Цитомегаловирус 
Вирус ветряной оспы
Бледная трепонема
Палочка Дюкрея
Candida albicans
Candida lusitaniae
Candida dubliniensis
Candida krusei
Candida tropicalis
Candida parapsilosis
Candida glabrata",56000,39600,55440,Cervical swab,
91-003,Панель Генитальной Язвы (7 Типов),14000,9900,13860,Cervical swab,"Вт,Пт"
,Вирус простого герпеса 1,,,0,,
,Вирус простого герпеса 2,,,0,,
,Цитомегаловирус ,,,0,,
,Вирус ветряной оспы,,,0,,
,Бледная трепонема,,,0,,
,Палочка Дюкрея,,,0,,
91-007,Панель Генитальной Язвы (7 Типов) (моча),14000,9900,13860,Urine,"Вт,Пт"
,Вирус простого герпеса 1,,,0,,
,Вирус простого герпеса 2,,,0,,
,Цитомегаловирус ,,,0,,
,Вирус ветряной оспы,,,0,,
,Бледная трепонема,,,0,,
,Палочка Дюкрея,,,0,,
91-004,Панель Кандида (7 Типов),14000,9900,13860,Cervical swab,"Вт,Пт"
,Candida albicans,,,0,,
,Candida lusitaniae,,,0,,
,Candida dubliniensis,,,0,,
,Candida krusei,,,0,,
,Candida tropicalis,,,0,,
,Candida parapsilosis ,,,0,,
,Candida glabrata,,,0,,
91-008,Панель Кандида (7 Типов)( моча),14000,9900,13860,Urine,"Вт,Пт"
,Candida albicans,,,0,,
,Candida lusitaniae,,,0,,
,Candida dubliniensis,,,0,,
,Candida krusei,,,0,,
,Candida tropicalis,,,0,,
,Candida parapsilosis ,,,0,,
,Candida glabrata,,,0,,
91-002,Панель Бактериального Вагиноза (7 Типов),14000,9900,13860,Cervical swab,"Вт,Пт"
,Gardnerella vaginalis,,,0,,
,Bacteroides fragilis,,,0,,
,Lactobacillus spp,,,0,,
,Mobiluncus spp,,,0,,
,BV-associated bacteria 2,,,0,,
,Atopobium vaginae,,,0,,
,Megasphaera type 1,,,0,,
91-006,Панель Бактериального Вагиноза (7 Типов) (моча),14000,9900,13860,Urine,"Вт,Пт"
,Gardnerella vaginalis,,,0,,
,Bacteroides fragilis,,,0,,
,Lactobacillus spp,,,0,,
,Mobiluncus spp,,,0,,
,BV-associated bacteria 2,,,0,,
,Atopobium vaginae,,,0,,
,Megasphaera type 1,,,0,,
92-001,Генотипы ВПЧ (28 Типов),19000,15000,21000,Cervical swab,"Вт,Пт"
,"Высокий и низкий риск 28 типов:
14 типов Высокий риск ВПЧ (16, 18, 31, 33, 35, 39, 45, 51, 52, 56, 58, 59, 66, 68)
5 типов Высокий риск ВПЧ (26, 53, 69, 73, 82)
9 типов Низкий риск ВПЧ (6, 11, 40, 42, 43, 44, 54, 61, 70)",,,0,,
,БАКТЕРИОЛОГИЧЕCКИЕ ИCCЛЕДОВАНИЯ,,,0,,
89-101,Бак.посев мочи на микрофлору с определением чувствительности к антибиотикам,7000,4600,6440,Plain Tube (10ml),5-7
89-102,Бак.посев мочи на грибы рода Candida с определением чувствительности к противогрибковым препаратам,7000,4600,6440,Plain Tube (10ml),5-7
89-103,Бак.посев мочи на иерсинии с определением чувствительности к антибиотикам,7000,4600,6440,Plain Tube (10ml),5-7
89-104,Бак.посев вагинального содержимого на микрофлору с определением чувствительности к антибиотикам,7000,4600,6440,Transport medium,5-7
89-105,Бак.посев вагинального содержимого на грибы рода Candida с определением чувствительности к противогрибковым препаратам,7000,4600,6440,Transport medium,5-7
89-106,Бак.посев цервикального канала на микрофлору с определением чувствительности к антибиотикам,7700,4600,6440,Transport medium,5-7
89-107,Бак.посев цервикального канала на грибы рода Candida с определением чувствительности к противогрибковым препаратам,7000,4600,6440,Transport medium,5-7
89-108,Бак.посев уретры на микрофлору с определением чувствительности к антибиотикам,7700,4600,6440,Transport medium,5-7
89-109,Бак.посев уретры на грибы рода Candida с определением чувствительности к противогрибковым препаратам,7700,4600,6440,Transport medium,5-7
89-110,Бак.посев спермы на микрофлору с определением чувствительности к антибиотикам,7700,4600,6440,Plain Tube (10ml),5-7
89-111,Бак.посев кала на дисбактериз кишечника с определением чувствительности к антибиотикам,8800,6100,8540,Plain Tube (10ml),10
89-112,"Возбудители кишечной группы (дез.группа, сальмонеллез и др.) с определением чувствительности к антибиотикам",7700,4600,6440,Plain Tube (10ml),10
89-113,Бак.посев кала на холеру (форма 30) с определением чувствительности к антибиотикам,7000,4600,6440,Plain Tube (10ml),10
89-114,Бак.посев кала на золотистый стафилококк (Staphylococcus aureus) с определением чувствительности к антибиотикам,6500,4600,6440,Plain Tube (10ml),10
89-115,Бак.посев кала на иерсинии с определением чувствительности к антибиотикам,7700,4600,6440,Plain Tube (10ml),10
89-116,"Бак.посев кала на брюшной тиф и паратиф А,В  с определением чувствительности к антибиотикам",7700,4600,6440,Plain Tube (10ml),10
89-117,Бак.посев из зева на микрофлору с определением чувствительности к антибиотикам,7700,4600,6440,Transport medium,5-7
89-118,Бак.посев из зева на грибы рода Candida с определением чувствительности к противогрибковым препаратам,6700,4600,6440,Transport medium,5-7
89-119,Бак.посев из зева на золотистый стафилококк (Staphylococcus aureus) с определением чувствительности к антибиотикам,6300,4600,6440,Transport medium,5-7
89-120,Бак.посев из полости рта на микрофлору с определением чувствительности к антибиотикам,7700,4600,6440,Transport medium,5-7
89-121,Бак.посев из полости рта на грибы рода Candida с определением чувствительности к противогрибковым препаратам,6700,4600,6440,Transport medium,5-7
89-122,Бак.посев из полости рта на золотистый стафилококк (Staphylococcus aureus) с определением чувствительности к антибиотикам,6700,4600,6440,Transport medium,5-7
89-123,Бак.посев из носа на микрофлору с определением чувствительности к антибиотикам,7700,4600,6440,Transport medium,5-7
89-124,Бак.посев из носа на грибы рода Candida с определением чувствительности к противогрибковым препаратам,6700,4600,6440,Transport medium,5-7
89-125,Бак.посев из носа на золотистый стафилококк (Staphylococcusaureus) с определением чувствительности к антибиотикам,6500,4600,6440,Transport medium,5-7
89-126,Бак.посев из парадонтального канала на микрофлору с определением чувствительности к антибиотикам,7700,4600,6440,Transport medium,5-7
89-127,Бак.посев из зева на дифтерию (BL) с определением чувствительности к антибиотикам,8300,4600,6440,Transport medium,5-7
89-128,Бак.посев из конъюнктивы правого глаза на микрофлору с определением чувствительности к антибиотикам,7700,4600,6440,Transport medium,5-7
89-129,Бак.посев из конъюнктивы правого глаза на грибы рода Candida с определением чувствительности к противогрибковым препаратам,6700,4600,6440,Transport medium,5-7
89-130,Бак.посев из конъюнктивы левого глаза на микрофлору с определением чувствительности к антибиотикам,7700,4600,6440,Transport medium,5-7
89-131,Бак.посев из конъюнктивы левого глаза на грибы рода Candida с определением чувствительности к противогрибковым препаратам,6700,4600,6440,Transport medium,5-7
89-132,Бак.посев из правого уха на микрофлору с определением чувствительности к антибиотикам,7800,4600,6440,Transport medium,5-7
89-133,Бак.посев из правого уха на грибы рода Candida с определением чувствительности к противогрибковым препаратам,6700,4600,6440,Transport medium,5-7
89-134,Бак.посев из левого уха на микрофлору с определением чувствительности к антибиотикам,7700,4600,6440,Transport medium,5-7
89-135,Бак.посев из левого уха на грибы рода Candida с определением чувствительности к противогрибковым препаратам,6700,4600,6440,Transport medium,5-7
89-136,Бак.посев из раневой поверхности на микрофлору с определением чувствительности к антибиотикам,7700,4600,6440,"Plain Tube (10ml), Transport medium",5-7
89-137,Бак.посев из раневой поверхности на грибы рода Candida с определением чувствительности к противогрибковым препаратам,6700,4600,6440,"Plain Tube (10ml), Transport medium",5-7
89-138,Бак.посев желчи на микрофлору с определением чувствительности к антибиотикам,7700,4600,6440,Plain Tube (10ml),5-7
89-139,Бак.посев грудного молока из правой молочной железы на микрофлору с определением чувствительности к антибиотикам,7700,4600,6440,Plain Tube (10ml),5-7
89-140,Бак.посев грудного молока из левой молочной железы на микрофлору с определением чувствительности к антибиотикам,7700,4600,6440,Plain Tube (10ml),5-7
89-141,Бак.посев крови на стерильность с определением чувствительности к антибиотикам,8000,4700,6580,EDTA Tube,10-11
89-142,"Бак.посев крови на гемокультуру (на тифы, паратифы) с определением чувствительности к антибиотикам",8200,4700,6580,EDTA Tube,10-11
89-143,Бак.посев мокроты на микрофлору с определением чувствительности к антибиотикам,7700,4600,6440,Plain Tube (10ml),5-7
89-144,Бак.посев мокроты на грибы рода Candida с определением чувствительности к противогрибковым препаратам,6700,4600,6440,Plain Tube (10ml),5-7
89-145,Бактериологическое исследование транссудата и экссудата на микрофлору с чувствительностью к антибиотикам,7700,4600,6440,Plain Tube (10ml),5-7
89-146,Бак.посев из носа на грибы рода Candida с  определением чувствительности к противогрибковым препаратам,6700,4600,6440,Transport medium,5-7
89-147,Бак. посев мокроты на микрофлору и грибы рода Candida с определением чувствительности к антибиотикам и противогрибковым препаратам,7700,4600,6440,Plain Tube (10ml),5-7
89-148,Бак. посев пунктата из коленного сустава  на микрофлору  с определением чувствительности к противомикробным препаратам,7700,4600,6440,Transport medium,5-7
89-149,Бак. посев из ногтевой ложи  на грибы рода Candida с определением чувствительности к противогрибковым препаратам,7700,4600,6440,Transport medium,5-7
89-150,Бак. посев из ногтевой ложи на микрофлору   с определением чувствительности к антибиотикам,7700,4600,6440,Transport medium,5-7
89-151,Бак. посев биоматериала (из зева/глотки) на менигококковую инфекцию с определением чувствительности к антибиотикам,7700,4600,6440,Transport medium,5-7
89-152,Бак. посев из катетера  на микрофлору с определением чувствительности к антибиотикам,7700,4600,6440,Transport medium,5-7
89-153,Бак. посев отделяемого из половых органов на микрофлору с определением чувствительности к а/б препаратам,7700,4600,6440,"Plain Tube (10ml), Transport medium",5-7
89-154,Бактериологическое исследование асцитической жидкости на микрофлору с определением чувствительности к антибиотикам,7700,4600,6440,"Plain Tube (10ml), Transport medium",5-7
89-155,Бак. посев сок  простаты на микрофлору  с определением чувствительности к антибиотикам,7700,4600,6440,Transport medium,5-7
89-156,Бак. посев плевральной жидкости на микрофлору с определением чувствительности к антибиотикам,7700,4600,6440,"Plain Tube (10ml), Transport medium",5-7
89-157,Бак. посев синовиальной жидкости на микрофлору  с определением чувствительности к антибиотикам,7700,4600,6440,Plain Tube (10ml),5-7
89-158,Бак. посев кала на патогенную флору и условно-патогенную флору с определением чувствительности к антибиотикам,7700,4600,6440,"Plain Tube (10ml), Transport medium",5-7
89-159,Бак.посев  из брюшной полости на микрофлору с определением чувствительности к антибиотикам,7700,4600,6440,Transport medium,5-7
89-160,Бак.посев из миндалин на микрофлору с определением чувствительности к антибиотикам,7700,4600,6440,Transport medium,5-7
89-161,Бак.посев из эндотрахеальной трубки на микрофлору с определением чувствительности к антибиотикам,7700,4600,6440,Transport medium,5-7
89-162,Бак. посев  из носа на дифтерию (BL)  с определением чувствительности к антибиотикам,6700,4600,6440,Transport medium,5-7
89-163,Бак.посев  смыва из бронхов на микрофлору с определением чувствительности к антибиотикам,7700,4600,6440,Plain Tube (10ml),5-7
89-164,Бактериологическое исследование мочи на сальмонеллёз ручным методом с определением чувствительности к антибиотикам,7700,4600,6440,Plain Tube (10ml),5-7
89-165,Бактериологическое исследование дуоденального содержимого на микрофлору с определением чувствительности к антибиотикам,7700,4600,6440,Plain Tube (10ml),5-7
,Прочие анализы,,,0,,
31-063,"Базовые Анализы На Остеопороз(Щелочная фосфатаза, Кальций ионизированный, Калий(Ca), Фосфор(Р), Обющий витамин Д, ПТГ(паратиреоидный гормон), Остеокальцин, С-концевые телопептиды.",30000,24000,33600,Serum,1-2
31-061,"Диагностика анемии (железо,  трансферрин, В12, фолиевая к-та, ферритин, ОАК)",18000,12600,17640,"Serum,EDTA (желтая+сиреневая)",1-2
31-064,"Панель ""Щитовидная Железа"" (расширенная) (Анти-тг, АнтиТПО, Анти-рТТГ, ТТГ, Т4 общий, Т3 свободный)",21000,16000,22400,Serum,1-2
31-057,"Панель ""Щитовидная железа"" (базовая) (Анти-ТПО, Т3, Т4 свободный, ТТГ)",11000,7700,10780,Serum,1-2
31-059,"Онкомаркеры (женщина) (АФП, РЭА, СА15, СА19, СА72, СА125, НСЕ, НЕ4, Cyfra 21, ROMA)",52000,41200,57680,Serum,1-2
31-058,"Онкомаркеры (мужчина) (АФП, РЭА, СА19,СА72, ПСА, ПСА св, ПСАсв/ПСА, НСЕ, Cyfra 21)",42000,29500,41300,Serum,1-2
21-057,"Печеночный профиль (АЛТ, АСТ, ГГТП, щел.фосфотаза, общий белок, альбумин, общ.билирубин, прямой билирубин)",12100,7100,9940,Serum,1-2
21-058,"Почечный профиль (мочевина, креатинин, кальций ион, кальций общ, фосфор, натрий, калий, магний)",13000,9100,12740,Serum,1-2
31-062,"Ревматоидный артрит (РА) ( СОЭ, СРБ, РФ, Анти-ЦЦП, ANA кач, ANCA кач)",45000,31500,44100,Serum,1-2
79-001,"Гистологическое исследование биопсийного/
операционного материала",10000,7000,9800,Tissue,1-2
79-008,Иммуногистохимическое фенотипирование лимфом,85500,59850,83790,Other,10
21-062,"Анализы Для Сан. Книжки (HBsAg, HCV Ab, HIV Ab, Коагулограмма)",11700,8450,11830,Other,1-2
,ДИАГНОСТИКА SARS-COV2,,,0,,
96-005,Новый Коронавирус 2019 (nCoV) Верхние дыхательные пути,7500,5000,7000,Nasopharyngeal swab,1-2
96-006,Новый Коронавирус 2019 (nCoV) Нижние дыхательные пути,7500,5000,7000,Sputum,1-2
96-007,NCoV+Респираторные Вирусы (3 Типов),12500,8750,12250,Nasopharyngeal swab,1-2
21-061,Новый Коронавирус 2019 (nCov) + Респираторные Вирусы (3 Типа) + Респираторные Бактерии (7 Типов),31000,21700,30380,Nasopharyngeal swab,1-2
96-012,Панель Респираторного Вируса (19 Типов),35000,24500,34300,Nasopharyngeal swab,1-2
,,,,,,
41-036,"Антитела IgG, IgM К COVID-19, ИФА",6000,4500,,Serum,1-2
41-035,Нейтрализирующие Антитела SARS-CoV2,9500,8200,,Serum,1-2